contactno,contactname,address
7199092794,Ravid Duffy,0824 Briar Crest Point
2057394559,Thomasin Byrd,66453 Eggendart Point
3538010058,Flinn Petett,8001 Daystar Junction
1406402193,Jacobo Jaquin,0 Forest Dale Point
2187509620,Devy Dudney,41888 Golf Trail
6689664306,Denise Mowatt,
9673623253,Bella Luff,910 Bunting Avenue
5144372114,Gordie Questier,35201 Derek Avenue
9251296014,Julieta Imlacke,065 Vahlen Crossing
0808862578,Fabiano Ruoss,66331 Bowman Avenue
7136048509,Gates Sharrock,
1787287469,Gwen Dundredge,039 Granby Road
4256073351,Darline Kellegher,6329 Ohio Way
2832899671,Inez Gyurko,
6158741413,Debor Klasen,37 Fordem Drive
1621819929,Reagan Lanceter,8974 Mendota Alley
7305712872,Tamara Doreward,6082 Homewood Hill
3842987897,Jordan Bazek,3 Clyde Gallagher Alley
2925547816,Lindy Caddy,0451 Orin Center
5711250732,Helaine Billitteri,57947 Grasskamp Court
3678005048,Cornelia Sambeck,782 Hanson Lane
2202917500,Nickolaus Godwyn,6293 Oneill Avenue
4611064211,Winnie Leathart,
1174963287,Hans Kleinholz,
3713819270,Molly Dent,19 Northridge Place
1294014565,Wyndham Whiteson,
9382422332,Yolane Doylend,4452 Anthes Center
3434810050,Odella Ganter,
2088271191,Korie Gleder,998 Coleman Point
6178271644,Merrili Sowte,21440 Quincy Trail
1948754688,Lothaire Sharphouse,78 Autumn Leaf Point
0097441475,Scotty Frayne,248 Canary Lane
2509834410,Kingston Chatan,11 Mcbride Drive
8677174065,Nichole Caig,4 Susan Center
1150774560,Sela Rehm,9975 Towne Road
0232042780,Ruddie Wind,9 Dayton Lane
0568299410,Bonnee Kither,143 Esch Parkway
5048876406,Rog Baldery,3494 Springs Pass
9849637409,Ethan Clapperton,
8933372755,Ulick Mayoral,37 Eastwood Court
2087118577,Harmonia Dulin,
2517484984,Millie Naulls,60 American Ash Way
5754647310,Merline Reynish,780 Muir Drive
4425770165,Clarke Jozsika,02 Gateway Terrace
4476487621,Casandra Lickess,3 Brown Drive
3604191936,Barbra Balloch,72 Victoria Junction
1343802505,Philis Grishanin,99842 Roxbury Road
6419115044,Reider Trorey,45684 Arizona Place
6240598641,Natividad McCurlye,0200 Starling Trail
5190789589,Jonell Linskey,075 Doe Crossing Junction
1486861158,Hal Dell Casa,7 Fieldstone Point
2699358210,Aloisia Thorley,3 Mallory Road
0373385259,Courtenay Gooder,54 Stuart Terrace
1768854766,Lacey Hollow,5806 Melody Street
4622840563,Sapphira Rickard,36 Eliot Hill
2585718188,Banky Carik,8263 Fulton Place
5915925214,Evangelin Dundridge,97 Haas Crossing
7964518179,Clarice Brayn,61853 Vera Trail
3059419662,Tracie Cutress,99838 Canary Lane
9827219734,Evangelina Peek,30809 Quincy Circle
3925550238,Robina Conant,047 Hanover Avenue
5040597186,Lory Edgerley,74119 Oxford Crossing
6425891671,Shelden McTrustam,82 Washington Alley
4050884364,Henriette Bilston,1525 Mendota Court
2622924502,Eyde Bogaert,
8889589580,Jorie Harley,05607 Tomscot Alley
4275808712,Joey Wimpenny,3203 Trailsway Drive
3135277777,Kip Lujan,68268 Rockefeller Court
0439014764,Gualterio Joanaud,27034 Express Court
3905294827,Shaughn Ikin,
7899173107,Tarrah Beckson,65 Jenna Lane
0561503798,Eldredge Neilan,3058 Mayer Park
5639077265,Janice Baniard,
0932319986,Molli Medendorp,598 Michigan Park
6156162443,Aaron Mouth,90058 Mendota Center
1330287837,Odilia Umfrey,
6645886885,Rurik Simper,
9088212030,Lindsey Moisey,
2425656934,Gerta O'Moylan,996 Russell Parkway
4096679689,Pet Mercik,4 Clyde Gallagher Court
8882811198,Bernice Roylance,1478 Union Plaza
4241394319,Meir Cressey,9 Farragut Court
7408848627,Jase Streat,21704 Loeprich Terrace
9427252831,Cassondra Gaitskell,
9299149823,Cheri Joska,20106 Farwell Center
4123722233,Kimberlyn Jiruch,8226 Bonner Alley
9369636393,Ianthe Possel,79914 Chive Way
9685040388,Hersh Eden,36747 Onsgard Park
7587297744,Nert Banishevitz,
2269231424,Moshe Paget,76 Derek Avenue
6086118970,Terry Tohill,76522 Twin Pines Parkway
9003866383,Amalea O'Bradden,10 Merchant Way
6425481100,Orella Budgen,
3877114345,Ethe Paton,7 Mcguire Street
7573557465,Andrei Abramow,1977 Roth Pass
7942319701,Lorena Twyford,70636 Ilene Road
7900833924,Ramona Oakhill,
1883699408,Libbie Elia,2 School Hill
1502829998,Georgette Goadbie,75173 Cottonwood Plaza
9733974472,Leon Wickrath,506 Superior Lane
8962303563,Miguelita O'Leahy,32094 Ilene Drive
5448582532,Pincus Tolchar,1 Heffernan Drive
0168611417,Ada Plank,914 Carey Park
8520617838,Tove Ryce,634 Schlimgen Junction
1616155141,Jakob Sutter,7327 Sundown Drive
0169672587,Penn Dibner,34656 Eastlawn Avenue
0870245495,Pippo Dunderdale,6606 Logan Crossing
3205221370,Mel Chesswas,837 Sommers Point
7484037421,Regan Edgworth,5335 Messerschmidt Court
8050714189,Aimee Dunnett,9 Sauthoff Lane
2462052025,Anni Dodds,
0641169792,Mike MacKeague,21 Parkside Place
1487929915,Ber Hulles,646 Carioca Terrace
4834303597,Dominga Tissier,56204 Blue Bill Park Drive
1858427984,Ariel Jonuzi,6003 Division Alley
6456752129,Isidro Du Barry,1 Towne Park
5590896120,Thalia Solomon,96702 Amoth Avenue
4666460462,Hope Moubray,9 3rd Alley
2029023498,Rosaline Morten,3 Fulton Hill
6774902451,Davis Chisnall,79 David Plaza
2566240184,Mavis Huyton,
7124582177,Karissa Ferras,4 Steensland Road
7439608022,Courtnay Judkin,406 Forest Run Plaza
8574918006,Spense Wittke,80 Vahlen Terrace
4915066798,Rosalind Grimley,41 Green Ridge Crossing
9181111999,Giuditta Yearby,15 Schiller Terrace
1080057212,Herbert Witty,8767 Surrey Court
5757639655,Robert Whitwam,
0112491865,Markos Crambie,88 Myrtle Avenue
9680617572,Madelin Carmichael,03 Briar Crest Junction
6412431080,Clywd Tackley,91 Crescent Oaks Crossing
5649710040,Fernanda Daubeny,47 Carberry Junction
2707974172,Gris Oleszkiewicz,25317 Thierer Point
5821156946,Dorie Normanville,9185 Di Loreto Place
7244559466,Queenie Baptie,3 Briar Crest Crossing
6735929800,Malcolm Goncalo,91521 Mccormick Drive
5632392941,Mike Yegorev,3 Spohn Crossing
1993990243,Christina Zorn,
6739423873,Doll Girod,
2694230854,Ellary Jarret,19950 Forest Dale Center
8200400353,Marietta Mafham,23 Hoard Park
6554734182,Brittan Vaskov,62426 Rowland Junction
6316045526,Burtie Morphey,85 Helena Plaza
3409173161,Betteanne Androli,
3972554145,Marysa Allmark,3762 Nevada Trail
8853740970,Bessie Laste,5 Marcy Road
7794556304,Roseann Pionter,3146 Goodland Road
5665938844,Marjorie Musselwhite,49972 Clarendon Place
3936304171,Vi Norres,07 Anhalt Road
7189754785,Malena Paal,2 Mifflin Point
3488754361,Ilaire Paddison,21 Havey Crossing
5191783471,Ware Swadlinge,
5033203044,Mureil Cervantes,
1570718022,Corbet Melody,5079 Village Green Point
7074625960,Jackie Hunting,2 Clarendon Center
3878894942,Dredi Seares,
5989635294,Blakelee Bulward,3850 Marcy Parkway
9629178443,Fidelio Adolf,18 Old Shore Hill
1158705048,Ber Hoyle,1961 Cody Hill
1719773218,Steve Chastaing,9 Hintze Junction
0352523043,Eward Fould,
1964895851,Norry Doggrell,9075 Logan Road
9252810036,Saw Tarbox,10271 Roth Drive
0352647128,Vasily Smidmoor,
7198880848,Gerianna Aleksankov,
9536095226,Wilhelmina Kilius,
2484708851,Viviyan Decreuze,3 Milwaukee Plaza
9592262139,Nev Nelm,34096 Dottie Point
5257390652,Anatole Tremblett,2 Meadow Valley Parkway
9209805771,Claudia Moulder,6 Reindahl Terrace
0435015809,Dena Cocci,093 Victoria Place
5929919827,Nan Blore,
7996086077,Lorilee Beaconsall,73 Morning Road
2669319770,Rhona Denley,697 Lukken Lane
1759984388,Pauletta Abbett,
0666775858,Laura Farrin,
2617237424,Kristofor Imeson,37 1st Junction
0472147961,Liliane Dehm,044 Roth Trail
6297567636,Mara Foxen,00 Sauthoff Court
4734847406,Cort Crumley,
7594148448,Cedric Pollastrino,4 Northfield Trail
6734447087,Jackie Callaby,5053 Declaration Junction
6866180273,Yorgo Hedworth,4470 Ryan Drive
8965045449,Noby Whitton,
7901250869,Bert Idale,
1964759407,Franklyn Boydell,
5560191001,Aldridge Metzig,523 Fallview Street
2753218499,Catrina Caraher,2 Hanover Hill
4881780410,Tonya Houseley,7811 Forest Run Parkway
9983313664,Sibby Inkles,12513 Gateway Way
7016931807,Maxim Toynbee,82760 Gulseth Court
2837310738,Ronda Ortiga,8146 Hoepker Center
6873284159,Devin Lippard,9 Hudson Circle
3326419583,Curtice Bushen,13 Union Junction
7515727124,Duke Berggren,
7152386634,Edmund Abarough,9596 Crownhardt Plaza
2551758959,Augusto Garrioch,7353 Milwaukee Road
9505435551,Hershel Goodlip,75 Doe Crossing Junction
1283656376,Daffy Willishire,1326 Forest Dale Lane
3614997833,Bee Nowick,81349 Daystar Court
1378707621,Hilly Fuentez,
2113009081,Tucky Knobell,79558 Warner Way
9080156076,Alana Toderini,1 Tennessee Alley
2010192664,Willabella Bader,7 Mariners Cove Place
6133613245,Shanon Strainge,
0012092469,Martita Farrar,
3768427659,Charissa Gatenby,65 Steensland Terrace
2197971911,Violette Oxborough,31738 5th Center
4174821959,Rivy Costen,1097 Little Fleur Junction
7342358741,Flint Asel,
7336241653,Selia Brodest,8377 Corry Place
9270920911,Iosep Caile,4 Westerfield Place
4048810221,Horatio McVeagh,
2975026557,Wilhelm Middell,
7280591472,Ginnie Dockery,50845 Dunning Crossing
5035291371,Terrel Longforth,91 Tennyson Road
7194681923,Denyse Bezley,
0413636503,Miles Lucio,199 Milwaukee Street
5821730300,Waly Belhome,52625 Eastlawn Alley
8219522598,Carrissa Margarson,4512 Ridgeway Trail
4135355745,Tamara Pote,
0727205943,Dewie Drezzer,8 Nevada Avenue
0633524427,Baldwin Walkington,6596 Clarendon Point
9314063303,Eugenia Connell,391 Old Gate Avenue
8169945133,Ariel Josephy,70784 Glacier Hill Point
7744132287,Eleonora Pessold,21678 Cottonwood Junction
7397621270,Dru Fanthom,34515 Ruskin Circle
1645338330,Aldus Inglish,068 Burrows Road
6309716031,Lovell Billham,106 Pleasure Road
6093822746,Beverie Realph,2 Boyd Crossing
6400420024,Rosaline Besque,62900 Schiller Alley
3858628596,Anselma Braizier,
3224336599,Conrade Doylend,579 Lakewood Hill
8217667709,Carolan Jardine,4980 Blaine Place
3604875114,Randi Vinker,674 Burrows Terrace
3274017324,Shanda Hallums,71700 Jenifer Terrace
8263452005,Orville Denyagin,90 Hoepker Road
9816298411,Kaine Bonds,424 Arapahoe Crossing
4773582772,Leroi Fahey,668 Meadow Vale Way
8164503476,Cristal Soppeth,49303 5th Park
8076182906,Penelope Frostdick,
9703542800,Lusa Bernadot,
8506798234,Napoleon Biermatowicz,82675 Division Street
5024985668,Stanford Frankom,8683 Swallow Circle
7872031512,Cheslie Timewell,
3797724107,Galen Thies,3585 Di Loreto Junction
3226203496,Rheba Grzelczyk,419 Cascade Lane
2948210019,Wain Drees,30677 Pennsylvania Hill
0137212989,Fara Stirton,57379 East Road
5564935401,Valentin Heineken,92372 Portage Road
5914636295,Marylou McVeagh,96 Calypso Pass
5375734117,Shea Boreham,
7418211750,Asher Easdon,
1772300567,Felix Valasek,71 Northview Circle
8863037554,Rosana Finnemore,46987 Surrey Street
2606542435,Mersey Caistor,9962 Hudson Pass
1990126272,Gerik Evamy,
8481460446,Claybourne Mouatt,9 Troy Alley
1772943035,Veriee Gregan,
9489284578,Virgina Mowson,99 Porter Pass
9355919948,Massimiliano Jados,
1703558867,Maurise Dougill,
2660329890,Randy Kunkler,6211 Chinook Trail
8112912067,Jemima Purbrick,2609 Coleman Alley
5453182789,Isabelle Simmonds,281 Reinke Terrace
9413711531,Agustin Rozalski,699 Johnson Circle
7257704618,Madeleine Kelbie,
8099471227,Rustin Tamburo,
6640697220,Stanly Kasperski,25 Union Crossing
2654321877,Mathilde Treagust,423 East Pass
6010632321,Alasteir Bergen,
7378665551,Bonni Killick,4 Thierer Crossing
0587583354,Annelise Spink,09520 Fremont Pass
9265537922,Aline Hurl,797 Dwight Plaza
3208452980,Simeon Church,
1471571529,Montgomery Beadnell,
5791146895,Cordie Brown,54525 Washington Parkway
6011199919,Gallagher Liverseege,
4267649746,Hyacinthe Alton,24 Crescent Oaks Street
0278005970,Gertrudis Heffer,
2186722489,Ursulina Hark,47 Emmet Park
3236721600,Yehudit Gandey,1903 Arizona Road
4507323351,Hollyanne Pettisall,351 Pawling Park
9886018617,Reine Munehay,5 Oak Street
0309465663,Grazia Dunan,7 Pleasure Place
7182860852,Guthry Ashburne,
6298198514,Anjela Kohring,636 Packers Drive
1111170984,Esta Laven,5777 Laurel Hill
2947867777,Anallise Lorman,
0100303220,Donelle Stennett,65 Carioca Pass
5224978081,Sharon Bean,
4263385747,Kinnie Nevin,1 Bonner Parkway
1324798991,Maridel Gurton,9658 Luster Pass
6570917812,Lorene Jaulmes,109 Muir Parkway
7607666887,Fleurette Sulman,36 Division Point
6498056677,Colby Novill,110 Buhler Lane
5988119872,Sheree Roden,4 Tony Pass
3459471225,Nickola Lumbly,29775 Lotheville Parkway
1147578292,Heindrick de Verson,9785 Algoma Park
8429613934,Henrieta Anthoney,535 Melody Lane
5161170018,Lorena Cleaver,
2167603955,Alexine Euesden,79440 Oak Valley Parkway
5832320006,Catherina Vasyagin,904 Fairview Park
3773739729,Langsdon Grieve,37 7th Plaza
0639050296,Morganne Dionisi,904 Oxford Center
2743334561,Marven Poore,38674 Armistice Terrace
5650771284,Tedd Calltone,
8196754698,Cammie Stuttard,
7215681935,Obadias Potkins,7 Clemons Point
5550055151,Bordy Deverock,75 Spohn Parkway
3070449508,Stephine Wingrove,3 Westridge Lane
9955468658,Sibylla Sirman,32 Express Terrace
5029274206,Thornton McMurrugh,185 Dennis Place
1505188058,Hettie Paulazzi,641 Heath Court
7660391570,Worth Orht,0 Anzinger Point
8750773087,Marget Sparshott,
6359579328,Christel Lorraway,66807 Roxbury Trail
5948185118,Fey Marcombe,97 Mockingbird Pass
0238216200,Shepard Urquhart,0 Monica Plaza
1712749473,Olivier Burl,
6764801829,Nanci Lathleiffure,
7956858144,Thebault McGarva,73 Dennis Parkway
0208395582,Francene Colling,70329 Pankratz Point
2954606102,Cicely Ivanchov,716 Farwell Avenue
0327991864,Norrie Vigrass,08 Susan Street
1053553278,Vanya Lindberg,
2450167717,Olag Lindley,8 Anthes Hill
6613775322,Hubert Clell,85 Main Circle
0688759963,Sax Saenz,
3294879617,Gregoor Duddle,
3381578689,Marisa Yandle,6 Melrose Pass
8779330025,Luz Bonner,
4526965195,Othella Dearl,9985 Sutteridge Road
1967620439,Dorothea Quarton,67 Harbort Road
3974181075,Olvan Lamartine,5 Pankratz Plaza
1132212362,Aurore Axtell,65166 Logan Park
6662522304,Russell Niezen,0245 Becker Road
2960629226,Carmencita Guiel,0 Jay Hill
5141473263,Jimmy Stansbie,58 Schurz Pass
5405525670,Forester Pentony,0536 Banding Park
3675647969,Saba Floyd,316 Weeping Birch Hill
8318172138,Sheila Elcocks,63 Autumn Leaf Pass
6760137982,Silvio Gyurkovics,59315 Eliot Way
1207785203,Abbot Mersey,
6988074386,Cassandre Wenman,
2470024114,Arvie Dayer,8 Erie Crossing
3558505939,Tova Liptrod,08 Northwestern Hill
2889672661,Ethel Nevins,333 Farragut Plaza
4300629903,Putnem Raddan,94895 Bluejay Pass
0874341088,Alix Petrollo,476 Warner Center
1140487090,Xena Sanbroke,20373 Paget Crossing
1763994977,Luca Browett,826 Sutteridge Court
7486694653,Fifine Chaplin,0 Mariners Cove Point
2664417075,Deina O'Shields,
7168899722,Brunhilda Jimeno,
5703022824,Carmel Pendleton,
2504049604,Alene Cornels,2 Novick Parkway
4828992832,Lorne Ruthven,8 Buell Junction
5234795910,Thayne Behning,5061 Spaight Plaza
0334233402,Wanda Mussington,4 Sunfield Avenue
8441115277,Caroline MacDearmaid,8450 Eggendart Alley
7633303436,Addison Simmonett,6541 Green Place
4670027116,Frasco Keenan,25 Randy Trail
1543309611,Kermy Janaszkiewicz,133 Walton Terrace
5700342270,Rachael Whorall,
0374291645,Binny Rivalland,1 Surrey Park
2307438985,Leshia Dallaway,7288 Bowman Avenue
0375569544,Louella Rushmare,78745 Pleasure Court
5139139558,Beau Comolli,98669 Milwaukee Court
4205040686,Dorise Mapes,954 Rowland Plaza
2489275754,Lizzie Coverly,621 Morningstar Pass
0617824715,Sherie Le Moucheux,
2305869953,Phillida McKeefry,
4275975385,Reba Filchakov,86925 Canary Park
7618113799,Rosella Burbury,219 Prairieview Road
1442363780,Portie Westbury,
0986856474,Dennie McCloud,24823 Ronald Regan Circle
5767444403,Fayre Brave,77481 Talisman Court
8297385144,Kele Lachaize,1 Vera Junction
6623207488,Bertrando Freddi,98 Elka Way
0488367869,Leah Lujan,
0745614665,Madelon Lynthal,142 Carioca Court
0723264278,Wayland Aguirre,5165 Washington Pass
5912612189,Clevey Talton,74 Nobel Way
2515471695,Veronike Kittley,51 Reindahl Point
1272253686,Bonita Montacute,8108 North Lane
4977842808,Roxi Splaven,
6718544366,Hettie Matijasevic,
0572663429,Crissy Staig,38555 Oak Valley Avenue
7910088671,Hanna Cahalin,2418 Harbort Crossing
6904872636,Lovell Jane,64136 Swallow Way
8374530072,Kristy Ainscough,09 Stuart Hill
4957200843,Thornton Durrell,00 Kinsman Crossing
8068772261,Gwenny Reneke,5 Johnson Junction
4675733234,Durante Conroy,
6551659928,Alisha Weathers,84 Dryden Alley
4098367653,Ronda Stancliffe,85 Anthes Hill
6556048642,Kizzee Niesel,7697 Di Loreto Alley
6633928874,Kenny Farrar,
0325946492,Noah Snowman,
1149559686,Maxy Olivetti,
7991569427,Jeanette MacAllister,2388 Vernon Circle
7181814092,Ainsley Parbrook,
0621623434,Wrennie Widdison,21831 Dunning Hill
0331867181,Ursulina Gilhooly,86 Lotheville Road
1918970939,Jessie De Meis,59939 Ludington Drive
5041429071,Hugues Champion,6 American Trail
6876974765,Clerc Perry,
5499116625,Ellen Lappine,7 Manufacturers Terrace
0540760276,Annette Richt,
0273552656,Felisha Cumes,864 Rusk Circle
5873005615,Britt Gurley,8 Sutteridge Plaza
6499477243,Barde Brameld,798 Hayes Parkway
0739147589,Zsa zsa Ruggen,
6955946020,Daron Antill,318 Cordelia Avenue
8891423252,Carena Verbeek,
9983978991,Danell Keemar,86 Roxbury Park
7596741876,Matty Dorian,6947 Westport Court
8342708960,Margette Faley,
4329392850,Cleavland Chadwin,51 Sutteridge Lane
9184713145,Dieter Poulett,659 Sherman Circle
5962800464,Lainey Tooting,89673 Dorton Drive
1782493641,Denys Wildin,52749 Lake View Trail
3099083007,Francesco Simonnin,3 Steensland Junction
6918905128,Mavra Gadney,9571 Pepper Wood Circle
8415727803,Aldwin Erangy,14260 Crownhardt Circle
5578878653,Zsa zsa Tesimon,92401 Golden Leaf Plaza
1826658465,Curt Mapstone,8976 Amoth Center
8136781821,Leslie Simmers,
0416607243,Tait Calles,
4214923799,Garth Pulver,67682 Chinook Place
2816358076,Tamqrah Caldron,7492 6th Drive
9497393318,Oliver Bordiss,20 Lakewood Circle
8289960725,Lucille Dillestone,0 Northwestern Pass
6361413299,Benji Lipman,
4148339505,Bo Goodey,0346 Knutson Parkway
8599206037,Latrena Flea,232 3rd Drive
4948764579,Colan Roff,
9875122833,Foster Johansen,0868 Talisman Parkway
6196653568,Hermy Baline,
7452455459,Dermot Eynald,19733 Old Gate Road
8347331342,Farrel Prazer,
2278268325,Kailey Goodacre,8697 Golden Leaf Crossing
6186273304,Gustave Manser,64 Merrick Street
0905984471,Ginger Millett,356 Becker Junction
9091639333,Florance Ezzy,75329 School Plaza
3797142001,Malvin Janman,1 Northfield Plaza
7881575804,Danita Galer,4018 Upham Park
3948652680,Ingrim Ram,3128 Pankratz Alley
9193002781,Clary Beert,5569 Eastwood Point
7204463080,Correy Simacek,0 Tony Alley
5525263651,Elonore Fullegar,13012 Montana Lane
0727376656,Carlee Van der Beken,742 Dunning Street
4902523902,Carney Jerzak,
6419605665,Tod Kener,
9618881968,Ajay Pakeman,9 Packers Trail
3797322814,Anette Raikes,
6296728909,Winonah Nosworthy,67 Reinke Trail
4580447732,Alvina Blonfield,41 Aberg Terrace
2172611176,Maurita Edelheit,8545 Jenna Trail
2802451495,Evelyn Maestro,729 Lyons Center
6476081408,Elna Berriman,466 High Crossing Terrace
3967578059,Cosme O'Fergus,
4284964183,Marcia Dyke,45833 Gulseth Center
8189330014,Cordy Lewsey,3943 Oakridge Pass
5672851400,Kettie Markie,
6424034284,Daphene Addy,33280 Pierstorff Road
2903331775,Jonie Cropp,403 Moose Terrace
3495952865,Clarabelle Etchell,9 Hintze Road
3815567607,Heddie Symms,43 Rigney Court
7668592185,Fayre Howe,9482 Arrowood Center
6183119418,Glynda Headland,
2052585502,Armstrong Given,04 Bashford Park
4891811472,Dru Fforde,83133 Canary Lane
6423870994,Elsworth Kinneir,96398 Pennsylvania Point
2901180727,Pamela Jordi,2053 Atwood Point
9711526796,Fifine Worters,2 Jay Alley
6952174741,Guss Simmen,
3192651103,Nananne O'Doogan,34210 Haas Road
4698169479,Gris Dewdeny,02948 Chinook Hill
1986476507,Fayette Whartonby,9 Graceland Center
5173359925,Gregory Bissett,23483 Mosinee Way
5814716568,Sansone Wolfart,
8547714164,Batsheva Ughelli,710 Magdeline Park
6567023857,Nelia Scrivinor,51 Huxley Avenue
8644636368,Jarid Baile,14 6th Terrace
3227477381,Danella Kinnoch,778 Fulton Avenue
8783860749,Pooh McVicar,38 Parkside Street
2179473897,Teresina Dumbelton,19 Wayridge Crossing
5449578432,Hartwell McLugaish,80600 Golden Leaf Plaza
7424667581,Albie Crocetto,12967 Anthes Court
7360033034,Baillie Noone,0 Grayhawk Street
8590956707,Raychel Trehearne,174 Buhler Plaza
8341621926,Konstantine Murrie,89 Dahle Park
5455193433,Lilias Emmett,61 Algoma Circle
5437462228,Eveleen Jordan,6 Chinook Circle
5727365303,Peggi Huster,20523 Katie Lane
5419236295,Karleen Cutmere,
8538210929,Northrop Exton,907 Onsgard Alley
5331051074,Creighton Badger,57049 Loeprich Crossing
2421252324,Alphard Phillcock,472 Melody Terrace
8671342542,Oren Sinkinson,
9125714478,Guillaume Petkens,85 Duke Junction
8805850701,Trever Rubbens,1 Graceland Way
1136104793,Davidde Wayman,3 Golf Alley
5256782327,Amara Broschke,
9398987014,Gibby Malarkey,61089 Myrtle Parkway
6849255505,Octavius Hawton,51 Nobel Street
3212460305,Mureil Breewood,7997 Dawn Court
0579534662,Rene Showers,97 Thompson Trail
5546862271,Brew Welman,8 Atwood Drive
0262777546,Hershel Goutcher,
0695701276,Juditha Stranks,67 South Terrace
1294862776,Ivory Muat,45 Norway Maple Crossing
8754024072,Vally Gianelli,218 Loomis Terrace
7209274940,Dagny Sandbach,
8458705111,Hervey Rowe,30 Prairie Rose Hill
6251839183,Emmeline Ryles,8 Oakridge Place
1996954395,Keith Worboys,71 Monica Center
0592826239,Annmarie Lamperd,
2392296223,Leone Cona,6940 Twin Pines Alley
0773711290,Marylin Easton,
2977256207,Ricard Nassi,2247 Springs Junction
0090756460,Ole Davydychev,
5403851086,Bale Conford,362 Mitchell Lane
6970751336,Nero Blanc,52 Bultman Avenue
8601922116,Maddie Lacy,067 Hanover Trail
3834646479,Jacenta Hanton,62 Carpenter Parkway
7187479629,Dierdre Adey,1 Dayton Park
7120340756,Brandy Beenham,
2902993708,Lenora Timmis,
8092774764,Alia Cohen,
2046377018,Amandy Pavlata,0 Tennyson Drive
3154917179,Christiano Kliement,62441 Fremont Trail
0667390557,Dawn Maddison,
3498565071,Jillane Parmley,
4859193627,Mildrid Edmondson,03706 David Way
6687274593,Alejandra Vallow,
7362437046,Lira Orwell,
7489671461,Ivory Vasquez,4 Nobel Court
3045467440,Celene Rickett,59220 Vahlen Drive
3321073899,Amity Smallcomb,
3058618585,Whitney Eayrs,0559 Macpherson Alley
1248605139,Ansley Hanaford,9 Pearson Drive
0330876017,Jilleen Borit,10298 Buell Lane
9286878292,Esmaria Figgures,579 Ilene Plaza
7647436974,Lonee Arndt,170 Shasta Junction
5817757892,Reina Meggison,
9830397832,Bride Witson,932 Michigan Trail
8269328686,Cristionna O'Dwyer,88773 Shelley Court
0273982061,Alvinia Titmuss,38 Hudson Hill
8553118041,Lauren Georgeau,193 Sachs Street
5347112681,Dun Hargerie,74 Southridge Road
3713836752,Stan Chimes,05 Forest Run Alley
6934230963,Kate Pollitt,
9043825925,Brandea Paddock,7 Rutledge Road
4625981267,Rosalia Blaycock,55465 Delladonna Pass
4792380636,Maryjo Rikkard,83 Main Parkway
0524698843,Sid Jermyn,6691 Porter Alley
5915852278,Ron Shutler,
1137293095,Hayyim Ciottoi,95 Hollow Ridge Crossing
2049282873,Chadwick Noel,38939 Scofield Center
2668444994,Barry Parlot,66008 Ruskin Pass
0632602280,Diego Timewell,6748 Hoepker Court
1672942447,Conrado Stopp,
5859251694,Lavinie Gostick,1775 Westend Avenue
6452279678,Corny Emmer,
7290357933,Elton Raybould,73850 Morningstar Place
4467459801,Brade Vennart,94694 Pankratz Crossing
3240194962,Catlin Mauro,1 Veith Way
3667798047,Trumaine Hamlyn,9 Clarendon Lane
5885886816,Elane Halward,6436 Thackeray Point
4336525589,Harley Speed,
2492330616,Hailee Nequest,93 Glacier Hill Plaza
0193414092,Kipper Hulburt,8 Hoepker Pass
1941911144,Cammie Vagg,12309 Forest Plaza
3888110420,Vasili Kerwen,60107 Carey Terrace
4757533224,Adele Nicklen,
5797657914,Gardy Scotfurth,1 Debs Street
2828606293,Katuscha Grelak,6169 Longview Pass
0315468790,Johnny Vallantine,9763 La Follette Circle
8586132058,Englebert D'Cruze,8 Reinke Trail
2022003630,Giffer Gray,41 Mockingbird Park
4570712376,Louisette Cashen,
9603303853,Alisander Wright,
0230689483,Alida Scyone,9 Riverside Trail
5815424828,Jesse Leander,0 Browning Trail
8190697021,Mahalia Howsan,5410 Roxbury Road
3765056504,Mindy Beamiss,
2561069551,Rosalia Calbrathe,3 North Drive
6111483359,Beaufort Foat,
3090578826,Sigismundo Persian,4274 Hauk Circle
0387940734,Iolanthe Willcox,8158 Forster Court
2500591927,Maurizio Broadist,
5981168979,Joshia Leathard,02282 Melby Crossing
8724807724,Bobbe Demsey,
5759518373,Bourke Letherbury,39 Oak Point
5523811059,Arthur Trudgian,15927 Morning Pass
3375988768,Diane-marie Lesley,536 Bunting Road
3387418440,Sarene Endon,2 Clemons Terrace
5727642579,Manya Mantrip,37 Eagan Pass
5705182177,Franny Whawell,
7514249710,Kennan Foakes,92 Northview Lane
4524213818,Muffin De Mico,89 Waywood Place
2132578417,Homer Brickner,11297 Di Loreto Point
1208599223,Margaret Galier,49802 Bobwhite Crossing
1402178789,Horatia Crocken,60650 Fairfield Parkway
3900528439,Ashlee Trussman,0405 Canary Point
3240703620,Nealy Ralton,
4486000053,Glory Barson,3293 Eggendart Plaza
0081187734,Clyve Bisgrove,95 Petterle Hill
5162057395,Quincey Browse,
0330096699,Titos Ackers,76691 Manitowish Point
4694858478,Violet Vasilevich,0075 Duke Circle
1444537104,Siward Skotcher,05137 Dovetail Junction
6917949739,Rafferty Rowter,94 Homewood Center
7614204327,Ray Bradden,66321 Comanche Hill
3436561616,Kim Sellman,815 Oak Valley Place
1616805436,Timmy Ivanishchev,2 Sauthoff Park
6375179189,Dela Cleaver,13237 La Follette Street
2567304397,Marco Budleigh,
5924511980,Aguie Gaspard,53 Fair Oaks Trail
1605458524,Marti Heads,6 Warrior Way
8295879581,Forest Ranken,0 Lakeland Center
1100490110,Conchita Lavender,777 Dryden Circle
8378928513,Isabelita Fallen,55845 Jana Street
2213398103,Tamiko Suscens,91 High Crossing Pass
5682739035,Delmor Caban,318 Warner Alley
9580797880,Ardith Prantoni,74 Butterfield Lane
8690491680,Teodor Horry,2 Forest Center
1157919648,Moises Strange,26634 Myrtle Court
1374340006,Ab Fraine,92106 Hazelcrest Crossing
7523114942,Jonah Khomishin,8450 Lakeland Circle
6725158442,Dmitri Lehrmann,
2644653458,Ange Mattersley,2 Nelson Place
7425630703,Kendall Dittson,
1741018210,Ferdie Scupham,
3715280974,Moselle MacAndrew,2839 Bartelt Park
0465737752,Dee dee Tringham,306 Raven Trail
5480624198,Marnia Feldbaum,525 Farmco Crossing
0963325201,Marylin Ramard,
3806019908,Dallis Marcome,625 School Lane
8728538698,Rudd Burkert,
4851886919,Helyn O' Finan,
5973742479,Lani Gribbin,
1994183876,Henriette Fasham,5 Warner Parkway
0472523520,Clayborn Ranstead,1 Northridge Alley
8591772792,Cornie Johannesson,76080 Bobwhite Plaza
8746725090,Binnie Lumsden,7 Sunbrook Drive
6357189834,Hollyanne Crummy,94982 Sundown Drive
1610651123,Charlotte Lovell,85124 Ridgeview Way
5877899643,Ardis Rowbrey,514 Kinsman Way
3115194200,Carny Byllam,33430 Eliot Street
5224842444,Roxanne Rowter,
2555705220,Odie Goodered,534 La Follette Lane
2767998900,Jermaine Sannes,5350 Blaine Point
9237610206,Pierson Mountlow,30900 Longview Terrace
5836976003,Imogen Grenville,109 Dennis Trail
8783665249,Marilee Morecombe,9545 Brown Drive
5340040507,Ave Morrice,934 Randy Alley
8203880509,Mozes Le Bosse,422 Pleasure Parkway
5059898152,Lyndsay Dorricott,
3632558262,Cliff Pavlenko,4 Talisman Drive
9016633299,Elsie Dyet,
8523195642,Paola Nettle,
9950360641,Kirstyn Croad,8911 Donald Pass
0512628669,Therine Jopling,
0160113549,Gus Fenton,3766 Lawn Plaza
7987902299,Madelaine Humphery,6 Becker Trail
2845544337,Beauregard Godar,44 Spenser Plaza
8899577975,Drusilla Schirak,7 Nova Center
0274037026,Ervin Castelli,95 Melrose Point
4701115595,Ginni Ager,154 Westport Pass
7583830974,Aluino Dunsleve,9100 Judy Place
1621034839,Cass Cleyburn,8430 Prairie Rose Drive
5804038008,Hali Collingdon,94684 Fordem Trail
1242545329,Haze Van Rembrandt,40096 Manitowish Point
3663361678,Shauna Folini,33 Florence Court
1090562027,Malorie Bindley,8805 Hoepker Hill
1891937956,Irvin Le Merchant,241 Kropf Circle
2308633132,Paloma Goater,18 Mitchell Crossing
2064419848,James Caville,313 Namekagon Drive
6407656301,Hyacinth Kearley,
4468647563,Tanney Chastand,04417 Ilene Alley
2883226237,Olav Mealham,37 Waxwing Way
8822288774,Dion Santus,221 Evergreen Court
8815399790,Audie Kirsz,9291 Knutson Hill
1636751526,Lib Hallad,3 American Court
7661739013,Lisabeth Grelik,1301 Bobwhite Hill
2985987497,Blaine Burger,
5101723056,Xymenes Testo,955 Bashford Lane
9099220720,Merissa Masser,06 Spenser Park
1890467019,Baxy Vasyukhin,23821 Pennsylvania Drive
3115967135,Zechariah Vedishchev,54367 Commercial Drive
8944389561,Asa Hedley,5 Mosinee Place
6527651135,Cart Gothup,93 Badeau Park
2654506397,Malvina Noone,4 Susan Road
9006145236,Thacher Bunyard,2 Green Ridge Alley
3729599601,Olivia Elsop,
3760802209,Kyrstin Barnwill,30682 Manufacturers Court
4484367656,Curcio Kenn,724 Hoepker Way
4233967404,Claudetta Orta,521 Summer Ridge Point
5487081355,Evelyn Birtles,
8466436330,Ivan Sawood,46 Karstens Center
5510560975,Lynnell Joontjes,1108 Larry Trail
7815135683,Piggy Sponder,31872 Monterey Point
3500170809,Tamarra Meardon,59 Weeping Birch Street
5201514216,Diena Bell,98 Spenser Trail
5524056753,Susanetta Giacoppoli,6643 Bunting Point
9114234219,Alessandra Povlsen,76 Linden Alley
0471035091,Jeane Grasner,0445 Linden Drive
1218411164,Sonya Allbon,
2238423593,Benedetto Welsh,37 Onsgard Plaza
5726565368,Finn Aveson,0331 Emmet Junction
5101765186,Geoff Kindon,914 Pennsylvania Circle
7803708698,Rand Trillo,
8016355695,Nappy Scirman,
5896996288,Lorrie Ruprechter,3 Caliangt Pass
0638028201,Dita Novelli,03434 Forest Run Pass
8232709869,Solomon Sitford,8869 Ridgeview Trail
9595523082,Tristan Wynn,
6683505891,Farrah Halms,7604 Prairie Rose Hill
8592214193,Yalonda Whatmough,18548 Annamark Parkway
6529366907,Nicholas Henzley,65664 Mandrake Hill
9248943430,Kylila Newport,959 8th Parkway
0439860684,Malia Bourhill,1 Declaration Terrace
6980807436,Kath Leas,3384 Hanover Park
1229117245,Phedra Gashion,362 Leroy Point
6294963231,Ashleigh Iacovuzzi,67400 Buhler Circle
3478145873,Pascal Easlea,925 7th Place
4754686242,Jude McIlenna,511 Dwight Street
8419043661,Saba Joselovitch,5 Meadow Valley Terrace
1938147867,Brynn Danihelka,
3211878479,Cobby Ortzen,17 Calypso Avenue
6271188219,Maynord Murie,226 Schlimgen Circle
1128669464,Gerome Scutter,8286 Nancy Park
6323565839,Roma Corbould,0 Hooker Point
4339718675,Neille Kale,71 Moland Plaza
7816101447,Egan Langfitt,
6848757257,Antonio Kapelhof,44 Fieldstone Crossing
3515015930,Nap Dunphy,
1113000467,Brittne Volet,139 Melvin Parkway
3722619475,Joanna Bolte,5 Autumn Leaf Center
7496840661,Malorie Ebbens,
4980509757,Magdaia Bows,2846 Kim Court
6988655107,Edgardo Wingeat,61 Browning Court
3989128299,Rebekkah Schubuser,75 Arapahoe Pass
4934990498,Ellwood Schankelborg,40507 Sycamore Point
2752352571,Artemus Woodruffe,48 Sullivan Plaza
6026489646,Margarete Edgehill,478 Debs Hill
5423126417,Jehu Gerrish,7152 Monument Center
0465461292,Salomone Pyford,808 Monica Drive
5215208139,Davon Laroux,9620 Brickson Park Park
0587014767,Wylie Surtees,
0112654573,Glendon Byass,22705 Manley Court
9420095856,Revkah Dossettor,97 Jackson Way
1288473984,Colet Swynley,9 Green Ridge Hill
0980440662,Osborne Van Arsdalen,069 8th Crossing
4305741750,Zeke Ligertwood,24 Sycamore Crossing
6122463328,Rennie Gotter,
1545969380,Hobey MacIan,96 Glacier Hill Hill
7025241554,Mead Wipper,
8779743891,Horacio Antosch,0322 Golden Leaf Road
6458063514,Donni Body,
4147680012,Chrissy McEllen,65729 Buhler Center
3528507709,Rubetta Muzzall,3664 Carberry Way
3298515692,Isac Youngs,
0933621138,Jaclyn Dankersley,047 Meadow Ridge Center
6735321336,Lotti Eddoes,00731 Jenna Junction
1292262191,Adeline Culp,05121 Bowman Hill
3131697328,Kalie Sall,697 Nova Place
2882483719,Bartie Cathie,8 Petterle Hill
8149896433,Renata Gonzalvo,0292 Hauk Plaza
7344663800,Vinny Huniwall,11 Luster Crossing
3870750901,Lauren Ishaki,367 Maywood Junction
0538836053,Coleman Duckers,
7699764242,Dasya Giveen,
5367588872,Antoni Perrigo,2474 Village Parkway
7227060839,Dom Shimwall,9654 Elka Lane
5825226927,Clara Wraxall,0361 Fisk Road
3386430482,Morganica Howie,3 Golden Leaf Point
4229009427,Heda Rallinshaw,2624 Homewood Hill
1155708718,Ainslee McKinnell,03 Fuller Circle
4528200992,Wrennie Golborn,17 Golf Course Street
6495635298,Merry Buckell,
7113066172,Marsh Crombleholme,1132 Warner Road
1258250267,Darill Segebrecht,26334 Hazelcrest Circle
9300848365,Micky Maile,81479 Gulseth Hill
4784407083,Whitney Fayre,2275 Northport Terrace
4081603382,Tymothy Bricksey,0 Homewood Park
8939854866,Cara Rubery,17611 Kim Point
1637033504,Justino Vezey,19708 Aberg Point
5412227014,Lenee Lackmann,24937 Clarendon Trail
0375440184,Christi Kordas,4 Summer Ridge Way
1962721815,Jehu Ceccoli,473 Sundown Court
1931958034,Klarika Gianettini,3 Goodland Point
6020031740,Maren Goodbarne,47 Waubesa Circle
3079467492,Ase Truesdale,404 Oxford Point
5652199548,Way Mattiuzzi,76896 Lotheville Trail
1711221860,Linnet Greenaway,0799 Marquette Place
1348101912,Zebedee Swafield,
0778222187,Andres Haye,4 Grasskamp Drive
1055337307,Ursa Freddi,54907 Amoth Avenue
5045011832,Baird Cluatt,42 Fair Oaks Alley
7617576552,Tabbitha Pinchin,
2392130346,Claudetta Whittlesea,92 Derek Center
1368563000,Kennan McLane,
8693418587,Arv Bubbings,2226 Eggendart Parkway
8966813145,Margaux Aust,
4274955150,Randie Philpots,7 Birchwood Court
7612808780,Haley Keaveny,606 Sutteridge Lane
7600966153,Niven Whardley,065 Hermina Point
2161637238,Bettina Knevet,47 Village Parkway
7641178863,Bruis Martonfi,9706 Utah Alley
7365406776,Kissee Poppleston,9995 Hovde Way
1221323157,Maribel Maysor,7081 Superior Circle
9992939466,Madelyn Denerley,98245 Oriole Plaza
6404242235,Philly Jantzen,7586 Roxbury Alley
9892184936,Konrad Atherton,4 Lindbergh Plaza
2817759378,Lorelei Dominique,1 Bellgrove Hill
3267317153,Kayne Bullus,405 International Parkway
0992196534,Gard Stone,4 Sunnyside Road
5824908565,Grange Moubray,05853 Bartelt Crossing
7400349039,Ricardo Byatt,6 Northview Crossing
1378430364,Malory Brunicke,842 Leroy Court
8387642741,Katine Eades,0 Texas Hill
3790396741,Kinna Cannam,21 Mandrake Avenue
3876869581,Cad Tupman,51390 Monica Road
0272707556,Boyce Tiebe,5732 Orin Way
1018458292,Bronnie Helkin,552 Sutteridge Trail
5903712033,Evey Sawrey,2 Eastlawn Park
8950934972,Abdel Gorrie,2 Farwell Park
2523007312,Jere Deniso,03843 Colorado Place
6237515774,Gillan Barns,
7032742167,Bathsheba Klyner,
8643532740,Daune Gall,27754 Parkside Hill
8806640728,Kara Sperrett,20392 Alpine Alley
9958717377,Nani O'Hallihane,23829 Burning Wood Junction
2231468127,Murray Hansmann,7437 Kensington Circle
3067624738,Berrie Brobyn,1 4th Hill
6621270108,Micky Iston,29 Hayes Street
4961267901,Loy Maulin,16 Hagan Circle
6899753128,Chandra Mertin,
9448803388,Barrie Anker,4 Orin Pass
0646835560,Quinton MacCarrick,420 Onsgard Lane
8922282816,Felipa Roddick,874 Old Shore Trail
5145124206,Marquita Keller,35998 Artisan Junction
0605593307,Nicky Nisius,4 Crownhardt Drive
1717154917,Drusilla de Verson,0963 Veith Crossing
2086509700,Verna Fannon,25 Buell Plaza
0337098969,Katy Dovidaitis,17 Mandrake Avenue
8902801702,Briny Breadmore,3 Columbus Plaza
1770523809,Michele Suddell,099 Waywood Pass
4792163959,Margalo Tinkler,
5271020358,Lorrayne Carillo,
0239637409,Keefe Darke,72 Mallard Junction
7984543629,Wendie Sperrett,47415 Everett Park
6316183938,Doloritas Crass,73080 Ohio Alley
6172921943,Hewet Scarre,
9395001616,Ewart Whate,444 Merrick Street
5562334364,Cass Tumilson,4 Ridge Oak Crossing
1382000904,Remington Swannie,27 Eggendart Center
9392803122,Ted Lipp,
9003523641,Stephenie Braz,
0967740342,Tandie Bachanski,402 Anthes Park
8713718380,Wiley Dowley,3 Shelley Road
8162186838,Lola Billington,9 Pepper Wood Hill
4201514811,Torrey Yarnell,5 Vidon Circle
2183406025,Minnnie Tear,17 Schiller Terrace
7345436545,Maryjo Doelle,0 Forest Dale Center
6270895586,Melina Kerswell,
7617182113,Meyer Goldstein,
1364494468,Woody Foulger,2 Larry Avenue
7937109875,Glad Obray,
0065587213,Alexandro Glentworth,
8950569068,Fredek Balas,67 Mifflin Drive
9818473018,Antonina Nosworthy,1 Muir Street
2414228498,Val Hurtado,
6801149654,Sutherlan Stormouth,02 Acker Terrace
1530464357,Marchelle Hirsch,7 8th Trail
3821020440,Dacey Gyorgy,262 Orin Pass
8804378318,Hastie Behagg,172 Steensland Road
8178684259,Findley Kelle,
3543367772,Thia Cheesley,32 Arapahoe Terrace
1401460048,Maighdiln Meikle,5613 New Castle Street
6919289065,Sharona Nicholl,09833 Shasta Trail
7070504200,Deborah Saunier,89843 Summer Ridge Street
9523557727,Chadwick Jurasek,63 Northfield Lane
4722259517,Perle Rey,
0127748600,Odo Coonan,15 Old Shore Terrace
3650807551,Donnajean Strother,43735 Green Ridge Crossing
3370803767,Elwyn Riall,9134 Crescent Oaks Trail
0174595611,Schuyler Pichan,97126 Amoth Parkway
5169867064,Jackie Scheffler,19 Doe Crossing Place
7681013042,Cirstoforo Rhydderch,0 Spaight Park
2135628311,Jedidiah Lobley,8 Golf View Drive
5639199884,Nehemiah Cordier,
6815868972,Addy Wildish,4 Schmedeman Center
1784423179,Casey Ridwood,
3774973303,Garold Drayson,13 Mayer Point
4601754212,Craig Jenk,72352 Lerdahl Lane
7130230492,Lexi Darridon,4 Briar Crest Street
8462640865,Gayelord Fickling,2 Eagle Crest Terrace
7936626179,Boot Ellif,
1461505532,Babb Becaris,880 Division Center
0100909061,Robena Argont,74945 Gerald Alley
0899947858,Wendeline Vallintine,
7973711193,Hillary Grzes,
9940017586,Mickey Barry,4 Erie Place
5574853783,Bastien Bonson,863 Judy Pass
5003560518,Foster Coakley,476 Corscot Junction
9792491996,Tabitha Seefeldt,859 Basil Pass
5584607504,Noel Bushnell,075 Lyons Plaza
9472741500,Krystle Langley,9080 Trailsway Alley
0811589459,Corabella Panter,516 Spohn Drive
2146770730,Augustus Hemmingway,19 Pine View Parkway
3329850413,Hilary Menendes,
6005242141,Rafaelia Eckh,0824 Stephen Alley
6039080466,Carla Ingle,62 Welch Circle
4881695291,Ree Zupo,
2794054297,Mirabelle Makin,5 Mallard Avenue
9408561126,Kareem Ropartz,
0678516992,Heywood Tathacott,318 Golf Terrace
1111084352,Yuri Snadden,71 Blaine Plaza
7453900497,Gallagher Trower,
0286964149,Igor Kencott,73 Chive Way
4449985888,Malanie Taylorson,44540 Porter Circle
3576634991,Camala Emblen,57250 American Plaza
8065251921,Martynne Raff,53 Sloan Place
4854667131,Isis Blackaller,092 Muir Center
1084734583,Ardis Dudney,7 Amoth Drive
8968380305,Melba Jameson,
4262009404,Khalil Beadham,9563 Holy Cross Way
6496313325,Roobbie Pellamonuten,
1692183705,Emeline Sommerville,3892 Manley Parkway
3654693239,Darby Boot,44 Fordem Plaza
2049299232,Bronnie Gresch,738 Spaight Plaza
2440165131,Romona Tourmell,
2073555342,Birch Keenlyside,482 Goodland Avenue
0796100890,Savina Ferenczy,5781 Jay Lane
2393497754,Florina Manton,
5303743986,Roddie Gullan,4214 Dennis Center
7263754522,Marius Taffie,
2945869549,Claudine Durtnel,23 Farmco Avenue
1629616017,Camile Adami,86074 Mallory Court
0086006230,Will Skilling,
2900189188,Leslie Tothacot,7 Vidon Road
2273507159,Ame Jirus,87010 Sheridan Alley
2620056118,Gustavo Harkus,5 Jenna Plaza
9663850622,Yule Curzey,5946 Mendota Avenue
2804651608,Delmore Duly,40 Southridge Circle
6668395928,Thedrick Cubbit,
9629280968,Amelie Hendrickson,
9990851650,Enrique Grewe,8142 Sheridan Trail
1199542072,Robenia Seatter,
9750670379,Arnie Wigg,51060 Milwaukee Hill
5118016664,Hillyer Rumsby,
5931351098,Dido Cambden,82 Eggendart Terrace
9851298510,Annie Gullam,
2473730092,Sollie Hinsche,72 Mockingbird Court
9056925658,Estella Betjeman,5 Dovetail Point
0123947154,Paulita Dannel,2 Aberg Avenue
1388203634,Em Curson,64 School Street
9791256905,Jessie Kittman,262 Everett Lane
8034614722,Eberto Iwanicki,92 Dixon Way
3945052130,Marvin Norsworthy,55 Anhalt Point
7213151020,Rhody Membry,0844 Fairview Court
8000459922,Rosella Bellhouse,9059 Mcbride Pass
9012846630,Nady Maldin,4 Lunder Center
6461343969,Jenilee Forsythe,84096 Burrows Street
4519470916,Arturo Maharey,07 Crescent Oaks Lane
1906922713,Dolley Izachik,59 John Wall Alley
2323795228,Jasun Gauford,681 Harper Drive
6654623941,Orville Bergin,59181 Anthes Hill
5245438984,Mattias Ginie,3732 Badeau Trail
1090343783,Thorndike Giraths,99 Lawn Park
0138511654,Dore Beek,3194 Dixon Park
9379849163,Gina Rubinov,5 Scoville Plaza
1358434443,Clerc Brabben,9 Donald Way
4421192856,Quint Agott,8 Butterfield Center
9607962466,Ferris Skelhorn,6 Gerald Avenue
3726776090,Joell Brumbie,37269 Amoth Park
9952409968,Bobbette Dincke,18389 Everett Alley
4223165203,Randy Roj,64 Dorton Pass
0390893668,Raquel Facchini,7217 Chinook Point
9419469841,Muriel Spiniello,3 Burning Wood Court
2325748046,Kirbee Warsop,
1016273197,Hamilton Collisson,7702 Troy Way
6313774118,Mar Lambregts,64 Forest Avenue
9126847029,Dal Gors,46 Magdeline Way
6552229261,Evelina Noquet,
0972207651,Guthrie Warhurst,766 Sycamore Drive
8568537677,Pepe Coping,95 Loeprich Street
9672349518,Dyan Criple,84 Corscot Court
4194127869,Doria Candish,2 Glacier Hill Junction
6175153630,Trude Flinn,74 Derek Junction
3478469172,Ev Szymanowicz,6 Eastwood Trail
0561110925,Ximenes Whoston,55 Macpherson Hill
8730737168,Linette O'Lunny,0751 Park Meadow Crossing
0373202198,Jillayne Parkinson,5509 Prentice Lane
